"Path","Platform","Compiled","Cooked","Permutations","Compiletime","CompiledDouble","CookedDouble"
"Globals","0","33","0","1","0.000000","0","0"
"/ControlRig/Controls/ControlRigGizmoMaterial.ControlRigGizmoMaterial","0","2","2","1","2.699531","0","2"
"/MeshModelingToolset/Materials/M_DynamicMeshComponentVtxColor.M_DynamicMeshComponentVtxColor","0","7","9","1","10.703846","0","9"
"/Engine/EditorMaterials/PhAT_UnselectedMaterial.PhAT_UnselectedMaterial","0","3","3","1","3.591862","0","3"
"/Engine/EditorMaterials/PhAT_NoCollisionMaterial.PhAT_NoCollisionMaterial","0","3","3","1","1.354752","0","3"
"/Engine/EngineMaterials/GizmoMaterial.GizmoMaterial","0","5","6","1","5.523664","0","6"
"/Engine/EngineDebugMaterials/DebugMeshMaterial.DebugMeshMaterial","0","5","5","1","5.352071","0","5"
"/Engine/EngineMaterials/RemoveSurfaceMaterial.RemoveSurfaceMaterial","0","2","2","1","2.424084","0","2"
"/Engine/EngineMaterials/NaniteHiddenSectionMaterial.NaniteHiddenSectionMaterial","0","12","14","1","18.989655","0","14"
"/HairStrands/Materials/HairMeshesDefaultMaterial.HairMeshesDefaultMaterial","0","33","36","1","34.933689","0","36"
"/HairStrands/Materials/HairDefaultMaterial.HairDefaultMaterial","0","33","36","1","0.000000","0","36"
"/Engine/EngineSky/VolumetricClouds/m_SimpleVolumetricCloud.m_SimpleVolumetricCloud","0","88","88","1","837.687683","0","88"
"/Engine/EngineDebugMaterials/DebugEditorMaterial.DebugEditorMaterial","0","5","6","1","4.342477","0","6"
"/ControlRig/Controls/ControlRigXRayMaterial.ControlRigXRayMaterial","0","6","7","1","4.937027","0","7"
"/Engine/EditorMaterials/Dataflow/DataflowVertexMaterial.DataflowVertexMaterial","0","6","6","1","8.475224","0","6"
"/Engine/BasicShapes/BasicShapeMaterial.BasicShapeMaterial","0","9","9","1","12.030113","0","9"
"/Engine/EngineMaterials/FlattenMaterial_WS_Normal_VT.FlattenMaterial_WS_Normal_VT","0","6","6","1","10.617159","0","6"
"/Engine/EngineMaterials/FlattenMaterial_VT.FlattenMaterial_VT","0","6","6","1","5.658372","0","6"
"/Engine/EngineMaterials/M_InvalidLightmapSettings.M_InvalidLightmapSettings","0","6","6","1","6.868595","0","6"
"/Engine/EngineMaterials/EmissiveMeshMaterial.EmissiveMeshMaterial","0","10","10","1","9.466928","0","10"
"/ControlRig/M_Manip.M_Manip","0","6","7","1","8.022897","0","7"
"/Engine/EngineMaterials/PhAT_JointLimitMaterial.PhAT_JointLimitMaterial","0","6","7","1","8.511881","0","7"
"/Engine/EngineMaterials/FlattenMaterial.FlattenMaterial","0","9","9","1","4.140187","0","9"
"/Engine/EngineMaterials/Widget3DPassThrough.Widget3DPassThrough","0","41","46","6","43.948357","0","46"
"/Engine/EngineDebugMaterials/M_VolumeRenderSphereTracePP.M_VolumeRenderSphereTracePP","0","5","5","1","3.027139","0","5"
"/Paper2D/DefaultSpriteMaterial.DefaultSpriteMaterial","0","36","42","2","56.529678","0","42"
"/Engine/VREditor/TransformGizmo/TransformGizmoMaterial.TransformGizmoMaterial","0","2","2","1","3.344928","0","2"
"/HairStrands/Materials/HairCardsDefaultMaterial.HairCardsDefaultMaterial","0","57","63","1","57.124279","0","63"
"/Engine/EngineDebugMaterials/M_SimpleUnlitTranslucent.M_SimpleUnlitTranslucent","0","3","3","1","1.385974","0","3"
"/Engine/EditorLandscapeResources/SplineEditorMeshMat.SplineEditorMeshMat","0","10","12","1","17.819262","0","12"
"/Engine/EditorMaterials/Camera/CineMat.CineMat","0","6","6","1","6.709399","0","6"
"/Engine/VREditor/TransformGizmo/TranslucentTransformGizmoMaterial.TranslucentTransformGizmoMaterial","0","3","3","1","1.611549","0","3"
"/Engine/VREditor/TransformGizmo/Xray.Xray","0","3","3","1","2.878388","0","3"
"/Engine/VREditor/TransformGizmo/Main.Main","0","3","3","1","1.758847","0","3"
"/Engine/EngineMaterials/DefaultLightFunctionMaterial.DefaultLightFunctionMaterial","0","25","25","1","18.038643","0","25"
"/Game/LevelPrototyping/Materials/M_Solid.M_Solid","0","6","6","1","5.979132","0","6"
"/Engine/EngineMaterials/DefaultTextMaterialOpaque.DefaultTextMaterialOpaque","0","14","16","1","19.967836","0","16"
"/Game/GameAssets/Materials/MetalsDebug/M_NonInteractuableMat.M_NonInteractuableMat","0","3","3","1","0.000000","0","3"
"/Game/GameAssets/Materials/MetalsDebug/M_InteractuableMat.M_InteractuableMat","0","3","3","1","0.000000","0","3"
"/Game/GameAssets/Materials/MetalsDebug/M_SelectedMat.M_SelectedMat","0","3","3","1","3.364180","0","3"
"/DatasmithContent/Materials/AliasReference.AliasReference","0","6","6","1","8.520411","0","6"
"/Game/GameAssets/Materials/MetalsDebug/M_SelectableMat.M_SelectableMat","0","3","3","1","0.000000","0","3"
"/Niagara/DefaultAssets/DefaultRIbbonMaterial.DefaultRibbonMaterial","0","20","25","1","27.637869","0","25"
"/Engine/VREditor/SnapGrid/SnapGridMaterial.SnapGridMaterial","0","10","10","1","10.281529","0","10"
"/AudioWidgets/AudioMaterialSlate/M_AudioMaterialMeter.M_AudioMaterialMeter","0","13","13","1","7.135287","0","13"
"/AudioWidgets/AudioMaterialSlate/M_AudioMaterialRoundedSlider.M_AudioMaterialRoundedSlider","0","23","25","1","21.756933","0","25"
"/AudioWidgets/AudioMaterialSlate/M_AudioMaterialEnvelope_ADSR.M_AudioMaterialEnvelope_ADSR","0","23","25","1","23.209932","0","25"
"/AudioWidgets/AudioMaterialSlate/M_AudioMaterialKnob.M_AudioMaterialKnob","0","13","13","1","8.824029","0","13"
"/AudioWidgets/AudioMaterialSlate/M_AudioMaterialToggleButton.M_AudioMaterialToggleButton","0","13","13","1","8.649580","0","13"
"/Engine/EngineMaterials/DefaultMaterial.DefaultMaterial","0","24","24","1","30.916956","0","24"
"/Game/Characters_UE/Mannequins/Materials/M_Mannequin.M_Mannequin","0","16","20","2","28.114004","0","20"
"/SpeedTreeImporter/SpeedTree9/SpeedTreeBillboardMaster.SpeedTreeBillboardMaster","0","28","32","1","59.130291","0","32"
"/SpeedTreeImporter/SpeedTree9/SpeedTreeMaster.SpeedTreeMaster","0","28","32","1","65.136192","0","32"
"/HairStrands/Materials/HairDebugMaterial.HairDebugMaterial","0","57","63","1","77.056503","0","63"
"/Engine/EngineMaterials/DefaultPostProcessMaterial.DefaultPostProcessMaterial","0","7","7","1","6.027292","0","7"
"/Engine/EngineMaterials/DefaultDeferredDecalMaterial.DefaultDeferredDecalMaterial","0","33","33","1","46.880306","0","33"
"/Engine/EngineMaterials/WorldGridMaterial.WorldGridMaterial","0","333","356","1","341.445526","0","356"
"/Engine/EditorMaterials/Dataflow/DataflowTwoSidedVertexMaterial.DataflowTwoSidedVertexMaterial","0","12","14","1","17.722010","0","14"
"/Engine/EngineMaterials/PPM_DefaultCalibrationColor.PPM_DefaultCalibrationColor","0","5","5","1","2.471015","0","5"
"/Engine/EngineMaterials/PPM_DefaultCalibrationGrayscale.PPM_DefaultCalibrationGrayscale","0","5","5","1","1.352077","0","5"
"/InterchangeAssets/gltf/M_Unlit.M_Unlit","0","82","92","6","94.182297","0","92"
"/InterchangeAssets/gltf/M_Default.M_Default","0","110","128","6","339.253815","0","128"
"/InterchangeAssets/gltf/M_SpecularGlossiness.M_SpecularGlossiness","0","102","112","6","280.978699","0","112"
"/InterchangeAssets/gltf/M_ClearCoat.M_ClearCoat","0","110","128","6","262.259918","0","128"
"/InterchangeAssets/gltf/M_Sheen.M_Sheen","0","102","80","6","192.359177","0","80"
"/InterchangeAssets/gltf/M_Transmission.M_Transmission","0","28","16","2","222.348114","0","16"
"/Engine/EditorMaterials/PreviewShadowIndicatorMaterial.PreviewShadowIndicatorMaterial","0","25","25","1","20.098572","0","25"
"/Engine/EngineSky/M_Sky_Panning_Clouds2.M_Sky_Panning_Clouds2","0","2","2","1","2.697050","0","2"
"/Game/LevelPrototyping/Materials/M_PrototypeGrid.M_PrototypeGrid","0","9","9","3","11.723494","0","9"
"/Engine/EngineSky/M_SimpleSkyDome.M_SimpleSkyDome","0","2","2","1","3.038898","0","2"
"Globals","49","10300","0","1","0.000000","0","0"
"/ControlRig/Controls/ControlRigGizmoMaterial.ControlRigGizmoMaterial","49","7","7","1","27.755524","0","7"
"/MeshModelingToolset/Materials/M_DynamicMeshComponentVtxColor.M_DynamicMeshComponentVtxColor","49","12","14","1","38.001396","0","14"
"","49","64","0","1","0.000000","65","0"
"/Engine/EditorMaterials/PhAT_UnselectedMaterial.PhAT_UnselectedMaterial","49","8","8","1","9.301637","0","8"
"/Engine/EngineMaterials/NaniteHiddenSectionMaterial.NaniteHiddenSectionMaterial","49","19","21","1","16.612432","0","21"
"/Engine/EditorMaterials/PhAT_NoCollisionMaterial.PhAT_NoCollisionMaterial","49","8","8","1","12.258391","0","8"
"/Engine/EngineMaterials/GizmoMaterial.GizmoMaterial","49","10","11","1","6.491253","0","11"
"/Engine/EngineDebugMaterials/DebugMeshMaterial.DebugMeshMaterial","49","10","10","1","8.138741","0","10"
"/Engine/EngineMaterials/RemoveSurfaceMaterial.RemoveSurfaceMaterial","49","7","7","1","10.283575","0","7"
"/HairStrands/Materials/HairMeshesDefaultMaterial.HairMeshesDefaultMaterial","49","42","45","1","45.372334","0","45"
"/Engine/EngineDebugMaterials/DebugEditorMaterial.DebugEditorMaterial","49","10","11","1","18.945318","0","11"
"/ControlRig/Controls/ControlRigXRayMaterial.ControlRigXRayMaterial","49","11","12","1","31.340885","0","12"
"/Engine/EditorMaterials/Dataflow/DataflowVertexMaterial.DataflowVertexMaterial","49","11","11","1","39.073650","0","11"
"/Engine/BasicShapes/BasicShapeMaterial.BasicShapeMaterial","49","27","27","1","41.538002","0","27"
"/Engine/EngineMaterials/FlattenMaterial_WS_Normal_VT.FlattenMaterial_WS_Normal_VT","49","16","16","1","28.975430","0","16"
"/Engine/EngineMaterials/FlattenMaterial_VT.FlattenMaterial_VT","49","16","16","1","30.931170","0","16"
"/Engine/EngineMaterials/FlattenMaterial.FlattenMaterial","49","22","22","1","24.642740","0","22"
"/Engine/EngineMaterials/M_InvalidLightmapSettings.M_InvalidLightmapSettings","49","16","16","1","15.501929","0","16"
"/Engine/EngineMaterials/EmissiveMeshMaterial.EmissiveMeshMaterial","49","17","17","1","15.923890","0","17"
"/Engine/EngineMaterials/PhAT_JointLimitMaterial.PhAT_JointLimitMaterial","49","11","12","1","11.420385","0","12"
"/ControlRig/M_Manip.M_Manip","49","11","12","1","11.322217","0","12"
"/Paper2D/DefaultSpriteMaterial.DefaultSpriteMaterial","49","56","62","2","42.091530","0","62"
"/Engine/EngineMaterials/Widget3DPassThrough.Widget3DPassThrough","49","75","80","6","56.426281","6","80"
"/Engine/VREditor/TransformGizmo/TransformGizmoMaterial.TransformGizmoMaterial","49","7","7","1","7.090408","0","7"
"/Engine/EngineDebugMaterials/M_VolumeRenderSphereTracePP.M_VolumeRenderSphereTracePP","49","7","7","1","5.337441","0","7"
"/HairStrands/Materials/HairCardsDefaultMaterial.HairCardsDefaultMaterial","49","72","78","1","63.467617","0","78"
"/HairStrands/Materials/HairDefaultMaterial.HairDefaultMaterial","49","42","45","1","0.000000","0","45"
"/Engine/EditorLandscapeResources/SplineEditorMeshMat.SplineEditorMeshMat","49","22","24","1","32.490353","0","24"
"/Engine/EngineDebugMaterials/M_SimpleUnlitTranslucent.M_SimpleUnlitTranslucent","49","8","8","1","2.930212","0","8"
"/Engine/EditorMaterials/Camera/CineMat.CineMat","49","14","14","1","13.487972","0","14"
"/Engine/VREditor/TransformGizmo/TranslucentTransformGizmoMaterial.TranslucentTransformGizmoMaterial","49","8","8","1","8.866735","0","8"
"/Engine/VREditor/TransformGizmo/Xray.Xray","49","8","8","1","3.070347","0","8"
"/Engine/VREditor/TransformGizmo/Main.Main","49","8","8","1","8.112217","0","8"
"/Engine/EngineMaterials/DefaultLightFunctionMaterial.DefaultLightFunctionMaterial","49","67","67","1","5.033121","0","67"
"/Engine/EngineMaterials/DefaultTextMaterialOpaque.DefaultTextMaterialOpaque","49","21","23","1","9.166750","0","23"
"/Game/LevelPrototyping/Materials/M_Solid.M_Solid","49","11","11","1","5.850640","0","11"
"/Game/GameAssets/Materials/MetalsDebug/M_NonInteractuableMat.M_NonInteractuableMat","49","13","13","1","13.226152","0","13"
"/Game/GameAssets/Materials/MetalsDebug/M_InteractuableMat.M_InteractuableMat","49","13","13","1","0.000000","0","13"
"/Game/GameAssets/Materials/MetalsDebug/M_SelectedMat.M_SelectedMat","49","13","13","1","17.032944","0","13"
"/DatasmithContent/Materials/AliasReference.AliasReference","49","16","16","1","13.999755","0","16"
"/Game/GameAssets/Materials/MetalsDebug/M_SelectableMat.M_SelectableMat","49","13","13","1","0.000000","0","13"
"/Niagara/DefaultAssets/DefaultRIbbonMaterial.DefaultRibbonMaterial","49","31","36","1","18.665089","0","36"
"/Engine/VREditor/SnapGrid/SnapGridMaterial.SnapGridMaterial","49","18","18","1","19.936974","0","18"
"/AudioWidgets/AudioMaterialSlate/M_AudioMaterialMeter.M_AudioMaterialMeter","49","15","15","1","8.005533","0","15"
"/AudioWidgets/AudioMaterialSlate/M_AudioMaterialRoundedSlider.M_AudioMaterialRoundedSlider","49","27","29","1","19.276783","0","29"
"/AudioWidgets/AudioMaterialSlate/M_AudioMaterialEnvelope_ADSR.M_AudioMaterialEnvelope_ADSR","49","27","29","1","21.393120","0","29"
"/Engine/EngineMaterials/DefaultMaterial.DefaultMaterial","49","45","45","1","41.858948","0","45"
"/AudioWidgets/AudioMaterialSlate/M_AudioMaterialKnob.M_AudioMaterialKnob","49","15","15","1","10.157272","0","15"
"/AudioWidgets/AudioMaterialSlate/M_AudioMaterialToggleButton.M_AudioMaterialToggleButton","49","15","15","1","10.042013","0","15"
"/Game/Characters_UE/Mannequins/Materials/M_Mannequin.M_Mannequin","49","26","30","2","17.825405","0","30"
"/SpeedTreeImporter/SpeedTree9/SpeedTreeBillboardMaster.SpeedTreeBillboardMaster","49","42","46","1","47.481266","0","46"
"/SpeedTreeImporter/SpeedTree9/SpeedTreeMaster.SpeedTreeMaster","49","42","46","1","49.871971","0","46"
"/HairStrands/Materials/HairDebugMaterial.HairDebugMaterial","49","72","78","1","69.098083","0","78"
"/Engine/EngineSky/VolumetricClouds/m_SimpleVolumetricCloud.m_SimpleVolumetricCloud","49","92","92","1","0.000000","0","92"
"/Engine/EngineMaterials/DefaultPostProcessMaterial.DefaultPostProcessMaterial","49","9","9","1","8.064952","0","9"
"/Engine/EngineMaterials/DefaultDeferredDecalMaterial.DefaultDeferredDecalMaterial","49","40","40","1","22.795368","0","40"
"/Engine/EngineMaterials/WorldGridMaterial.WorldGridMaterial","49","993","1016","1","61.844547","0","1016"
"/Engine/EditorMaterials/Dataflow/DataflowTwoSidedVertexMaterial.DataflowTwoSidedVertexMaterial","49","17","19","1","19.037971","0","19"
"/InterchangeAssets/gltf/M_Unlit.M_Unlit","49","202","212","6","346.338806","0","212"
"/InterchangeAssets/gltf/M_ClearCoat.M_ClearCoat","49","164","182","6","167.892532","0","182"
"/InterchangeAssets/gltf/M_Sheen.M_Sheen","49","156","166","6","154.577087","0","125"
"/InterchangeAssets/gltf/M_Default.M_Default","49","164","182","6","167.474289","0","182"
"/InterchangeAssets/gltf/M_SpecularGlossiness.M_SpecularGlossiness","49","156","166","6","152.827515","0","166"
"/InterchangeAssets/gltf/M_Transmission.M_Transmission","49","54","54","2","129.544098","0","29"
"/Engine/EngineMaterials/PPM_DefaultCalibrationColor.PPM_DefaultCalibrationColor","49","7","7","1","3.884904","0","7"
"/Engine/EngineMaterials/PPM_DefaultCalibrationGrayscale.PPM_DefaultCalibrationGrayscale","49","7","7","1","4.475346","0","7"
"/Engine/EditorMaterials/PreviewShadowIndicatorMaterial.PreviewShadowIndicatorMaterial","49","67","67","1","42.964802","0","67"
"/Game/LevelPrototyping/Materials/M_PrototypeGrid.M_PrototypeGrid","49","39","39","3","68.830750","0","39"
"/Engine/EngineSky/M_SimpleSkyDome.M_SimpleSkyDome","49","7","7","1","5.020884","0","7"
"/Engine/EngineSky/M_Sky_Panning_Clouds2.M_Sky_Panning_Clouds2","49","7","7","1","3.509164","0","7"
